{"mc_maze_scaling_split": {"[500] co-bps": 0.056392341202448105, "[500] vel R2": 0.01790419836262913, "[500] psth R2": 0.10352061587951183, "[500] fp-bps": -0.027412948119563324}}